Date,Close
7/1/2016,17949.36914
6/30/2016,17929.99023
6/29/2016,17694.67969
6/28/2016,17409.7207
6/27/2016,17140.24023
6/24/2016,17400.75
6/23/2016,18011.07031
6/22/2016,17780.83008
6/21/2016,17829.73047
6/20/2016,17804.86914
6/17/2016,17675.16016
6/16/2016,17733.09961
6/15/2016,17640.16992
6/14/2016,17674.82031
6/13/2016,17732.48047
6/10/2016,17865.33984
6/9/2016,17985.18945
6/8/2016,18005.05078
6/7/2016,17938.2793
6/6/2016,17920.33008
6/3/2016,17807.06055
6/2/2016,17838.56055
6/1/2016,17789.66992
5/31/2016,17787.19922
5/27/2016,17873.2207
5/26/2016,17828.28906
5/25/2016,17851.50977
5/24/2016,17706.05078
5/23/2016,17492.92969
5/20/2016,17500.93945
5/19/2016,17435.40039
5/18/2016,17526.61914
5/17/2016,17529.98047
5/16/2016,17710.71094
5/13/2016,17535.32031
5/12/2016,17720.5
5/11/2016,17711.11914
5/10/2016,17928.34961
5/9/2016,17705.91016
5/6/2016,17740.63086
5/5/2016,17660.71094
5/4/2016,17651.25977
5/3/2016,17750.91016
5/2/2016,17891.16016
4/29/2016,17773.64063
4/28/2016,17830.75977
4/27/2016,18041.55078
4/26/2016,17990.32031
4/25/2016,17977.24023
4/22/2016,18003.75
4/21/2016,17982.51953
4/20/2016,18096.26953
4/19/2016,18053.59961
4/18/2016,18004.16016
4/15/2016,17897.46094
4/14/2016,17926.42969
4/13/2016,17908.2793
4/12/2016,17721.25
4/11/2016,17556.41016
4/8/2016,17576.96094
4/7/2016,17541.96094
4/6/2016,17716.05078
4/5/2016,17603.32031
4/4/2016,17737
4/1/2016,17792.75
3/31/2016,17685.08984
3/30/2016,17716.66016
3/29/2016,17633.10938
3/28/2016,17535.39063
3/24/2016,17515.73047
3/23/2016,17502.58984
3/22/2016,17582.57031
3/21/2016,17623.86914
3/18/2016,17602.30078
3/17/2016,17481.49023
3/16/2016,17325.75977
3/15/2016,17251.5293
3/14/2016,17229.13086
3/11/2016,17213.31055
3/10/2016,16995.13086
3/9/2016,17000.35938
3/8/2016,16964.09961
3/7/2016,17073.94922
3/4/2016,17006.76953
3/3/2016,16943.90039
3/2/2016,16899.32031
3/1/2016,16865.08008
2/29/2016,16516.5
2/26/2016,16639.9707
2/25/2016,16697.28906
2/24/2016,16484.99023
2/23/2016,16431.7793
2/22/2016,16620.66016
2/19/2016,16391.99023
2/18/2016,16413.42969
2/17/2016,16453.83008
2/16/2016,16196.41016
2/12/2016,15973.83984
2/11/2016,15660.17969
2/10/2016,15914.74023
2/9/2016,16014.37988
2/8/2016,16027.04981
2/5/2016,16204.96973
2/4/2016,16416.58008
2/3/2016,16336.66016
2/2/2016,16153.54004
2/1/2016,16449.17969
1/29/2016,16466.30078
1/28/2016,16069.63965
1/27/2016,15944.45996
1/26/2016,16167.23047
1/25/2016,15885.21973
1/22/2016,16093.50977
1/21/2016,15882.67969
1/20/2016,15766.74023
1/19/2016,16016.01953
1/15/2016,15988.08008
1/14/2016,16379.04981
1/13/2016,16151.41016
1/12/2016,16516.2207
1/11/2016,16398.57031
1/8/2016,16346.4502
1/7/2016,16514.09961
1/6/2016,16906.50977
1/5/2016,17158.66016
1/4/2016,17148.93945
12/31/2015,17425.0293
12/30/2015,17603.86914
12/29/2015,17720.98047
12/28/2015,17528.26953
12/24/2015,17552.16992
12/23/2015,17602.60938
12/22/2015,17417.26953
12/21/2015,17251.61914
12/18/2015,17128.55078
12/17/2015,17495.83984
12/16/2015,17749.08984
12/15/2015,17524.91016
12/14/2015,17368.5
12/11/2015,17265.21094
12/10/2015,17574.75
12/9/2015,17492.30078
12/8/2015,17568
12/7/2015,17730.50977
12/4/2015,17847.63086
12/3/2015,17477.66992
12/2/2015,17729.67969
12/1/2015,17888.34961
11/30/2015,17719.91992
11/27/2015,17813.39063
11/25/2015,17813.39063
11/24/2015,17812.18945
11/23/2015,17792.67969
11/20/2015,17823.81055
11/19/2015,17732.75
11/18/2015,17737.16016
11/17/2015,17489.5
11/16/2015,17483.00977
11/13/2015,17245.24023
11/12/2015,17448.07031
11/11/2015,17702.2207
11/10/2015,17758.21094
11/9/2015,17730.48047
11/6/2015,17910.33008
11/5/2015,17863.42969
11/4/2015,17867.58008
11/3/2015,17918.15039
11/2/2015,17828.75977
10/30/2015,17663.53906
10/29/2015,17755.80078
10/28/2015,17779.51953
10/27/2015,17581.42969
10/26/2015,17623.05078
10/23/2015,17646.69922
10/22/2015,17489.16016
10/21/2015,17168.60938
10/20/2015,17217.10938
10/19/2015,17230.53906
10/16/2015,17215.9707
10/15/2015,17141.75
10/14/2015,16924.75
10/13/2015,17081.89063
10/12/2015,17131.85938
10/9/2015,17084.49023
10/8/2015,17050.75
10/7/2015,16912.28906
10/6/2015,16790.18945
10/5/2015,16776.42969
10/2/2015,16472.36914
10/1/2015,16272.00977
9/30/2015,16284.7002
9/29/2015,16049.12988
9/28/2015,16001.88965
9/25/2015,16314.66992
9/24/2015,16201.32031
9/23/2015,16279.88965
9/22/2015,16330.46973
9/21/2015,16510.18945
9/18/2015,16384.58008
9/17/2015,16674.74023
9/16/2015,16739.94922
9/15/2015,16599.84961
9/14/2015,16370.95996
9/11/2015,16433.08984
9/10/2015,16330.40039
9/9/2015,16253.57031
9/8/2015,16492.67969
9/4/2015,16102.37988
9/3/2015,16374.75977
9/2/2015,16351.37988
9/1/2015,16058.34961
8/31/2015,16528.0293
8/28/2015,16643.00977
8/27/2015,16654.76953
8/26/2015,16285.50977
8/25/2015,15666.44043
8/24/2015,15871.34961
8/21/2015,16459.75
8/20/2015,16990.68945
8/19/2015,17348.73047
8/18/2015,17511.33984
8/17/2015,17545.17969
8/14/2015,17477.40039
8/13/2015,17408.25
8/12/2015,17402.50977
8/11/2015,17402.83984
8/10/2015,17615.16992
8/7/2015,17373.38086
8/6/2015,17419.75
8/5/2015,17540.4707
8/4/2015,17550.68945
8/3/2015,17598.19922
7/31/2015,17689.85938
7/30/2015,17745.98047
7/29/2015,17751.39063
7/28/2015,17630.26953
7/27/2015,17440.58984
7/24/2015,17568.5293
7/23/2015,17731.91992
7/22/2015,17851.03906
7/21/2015,17919.28906
7/20/2015,18100.41016
7/17/2015,18086.44922
7/16/2015,18120.25
7/15/2015,18050.16992
7/14/2015,18053.58008
7/13/2015,17977.67969
7/10/2015,17760.41016
7/9/2015,17548.61914
7/8/2015,17515.41992
7/7/2015,17776.91016
7/6/2015,17683.58008
7/2/2015,17730.10938
7/1/2015,17757.91016
6/30/2015,17619.50977
6/29/2015,17596.34961
6/26/2015,17946.67969
6/25/2015,17890.35938
6/24/2015,17966.07031
6/23/2015,18144.07031
6/22/2015,18119.7793
6/19/2015,18015.94922
6/18/2015,18115.83984
6/17/2015,17935.74023
6/16/2015,17904.48047
6/15/2015,17791.16992
6/12/2015,17898.83984
6/11/2015,18039.36914
6/10/2015,18000.40039
6/9/2015,17764.03906
6/8/2015,17766.55078
6/5/2015,17849.46094
6/4/2015,17905.58008
6/3/2015,18076.26953
6/2/2015,18011.93945
6/1/2015,18040.36914
5/29/2015,18010.67969
5/28/2015,18126.11914
5/27/2015,18162.99023
5/26/2015,18041.53906
5/22/2015,18232.01953
5/21/2015,18285.74023
5/20/2015,18285.40039
5/19/2015,18312.39063
5/18/2015,18298.88086
5/15/2015,18272.56055
5/14/2015,18252.24023
5/13/2015,18060.49023
5/12/2015,18068.23047
5/11/2015,18105.16992
5/8/2015,18191.10938
5/7/2015,17924.06055
5/6/2015,17841.98047
5/5/2015,17928.19922
5/4/2015,18070.40039
5/1/2015,18024.06055
4/30/2015,17840.51953
4/29/2015,18035.5293
4/28/2015,18110.14063
4/27/2015,18037.9707
4/24/2015,18080.14063
4/23/2015,18058.68945
4/22/2015,18038.26953
4/21/2015,17949.58984
4/20/2015,18034.92969
4/17/2015,17826.30078
4/16/2015,18105.76953
4/15/2015,18112.60938
4/14/2015,18036.69922
4/13/2015,17977.03906
4/10/2015,18057.65039
4/9/2015,17958.73047
4/8/2015,17902.50977
4/7/2015,17875.41992
4/6/2015,17880.84961
4/2/2015,17763.24023
4/1/2015,17698.17969
3/31/2015,17776.11914
3/30/2015,17976.31055
3/27/2015,17712.66016
3/26/2015,17678.23047
3/25/2015,17718.53906
3/24/2015,18011.14063
3/23/2015,18116.03906
3/20/2015,18127.65039
3/19/2015,17959.0293
3/18/2015,18076.18945
3/17/2015,17849.08008
3/16/2015,17977.41992
3/13/2015,17749.31055
3/12/2015,17895.2207
3/11/2015,17635.39063
3/10/2015,17662.93945
3/9/2015,17995.7207
3/6/2015,17856.7793
3/5/2015,18135.7207
3/4/2015,18096.90039
3/3/2015,18203.36914
3/2/2015,18288.63086
2/27/2015,18132.69922
2/26/2015,18214.41992
2/25/2015,18224.57031
2/24/2015,18209.18945
2/23/2015,18116.83984
2/20/2015,18140.43945
2/19/2015,17985.76953
2/18/2015,18029.84961
2/17/2015,18047.58008
2/13/2015,18019.34961
2/12/2015,17972.38086
2/11/2015,17862.14063
2/10/2015,17868.75977
2/9/2015,17729.21094
2/6/2015,17824.28906
2/5/2015,17884.88086
2/4/2015,17673.01953
2/3/2015,17666.40039
2/2/2015,17361.03906
1/30/2015,17164.94922
1/29/2015,17416.84961
1/28/2015,17191.36914
1/27/2015,17387.21094
1/26/2015,17678.69922
1/23/2015,17672.59961
1/22/2015,17813.98047
1/21/2015,17554.2793
1/20/2015,17515.23047
1/16/2015,17511.57031
1/15/2015,17320.71094
1/14/2015,17427.08984
1/13/2015,17613.67969
1/12/2015,17640.83984
1/9/2015,17737.36914
1/8/2015,17907.86914
1/7/2015,17584.51953
1/6/2015,17371.64063
1/5/2015,17501.65039
1/2/2015,17832.99023
12/31/2014,17823.07031
12/30/2014,17983.07031
12/29/2014,18038.23047
12/26/2014,18053.71094
12/24/2014,18030.21094
12/23/2014,18024.16992
12/22/2014,17959.43945
12/19/2014,17804.80078
12/18/2014,17778.15039
12/17/2014,17356.86914
12/16/2014,17068.86914
12/15/2014,17180.83984
12/12/2014,17280.83008
12/11/2014,17596.33984
12/10/2014,17533.15039
12/9/2014,17801.19922
12/8/2014,17852.48047
12/5/2014,17958.78906
12/4/2014,17900.09961
12/3/2014,17912.61914
12/2/2014,17879.55078
12/1/2014,17776.80078
11/28/2014,17828.24023
11/26/2014,17827.75
11/25/2014,17814.93945
11/24/2014,17817.90039
11/21/2014,17810.06055
11/20/2014,17719
11/19/2014,17685.73047
11/18/2014,17687.82031
11/17/2014,17647.75
11/14/2014,17634.74023
11/13/2014,17652.78906
11/12/2014,17612.19922
11/11/2014,17614.90039
11/10/2014,17613.74023
11/7/2014,17573.92969
11/6/2014,17554.4707
11/5/2014,17484.5293
11/4/2014,17383.83984
11/3/2014,17366.24023
10/31/2014,17390.51953
10/30/2014,17195.41992
10/29/2014,16974.31055
10/28/2014,17005.75
10/27/2014,16817.93945
10/24/2014,16805.41016
10/23/2014,16677.90039
10/22/2014,16461.32031
10/21/2014,16614.81055
10/20/2014,16399.66992
10/17/2014,16380.41016
10/16/2014,16117.24023
10/15/2014,16141.74023
10/14/2014,16315.19043
10/13/2014,16321.07031
10/10/2014,16544.09961
10/9/2014,16659.25
10/8/2014,16994.2207
10/7/2014,16719.39063
10/6/2014,16991.91016
10/3/2014,17009.68945
10/2/2014,16801.05078
10/1/2014,16804.71094
9/30/2014,17042.90039
9/29/2014,17071.2207
9/26/2014,17113.15039
9/25/2014,16945.80078
9/24/2014,17210.06055
9/23/2014,17055.86914
9/22/2014,17172.67969
9/19/2014,17279.74023
9/18/2014,17265.99023
9/17/2014,17156.84961
9/16/2014,17131.9707
9/15/2014,17031.14063
9/12/2014,16987.50977
9/11/2014,17049
9/10/2014,17068.71094
9/9/2014,17013.86914
9/8/2014,17111.41992
9/5/2014,17137.35938
9/4/2014,17069.58008
9/3/2014,17078.2793
9/2/2014,17067.56055
8/29/2014,17098.44922
8/28/2014,17079.57031
8/27/2014,17122.00977
8/26/2014,17106.69922
8/25/2014,17076.86914
8/22/2014,17001.2207
8/21/2014,17039.49023
8/20/2014,16979.13086
8/19/2014,16919.58984
8/18/2014,16838.74023
8/15/2014,16662.91016
8/14/2014,16713.58008
8/13/2014,16651.80078
8/12/2014,16560.53906
8/11/2014,16569.98047
8/8/2014,16553.92969
8/7/2014,16368.26953
8/6/2014,16443.33984
8/5/2014,16429.4707
8/4/2014,16569.2793
8/1/2014,16493.36914
7/31/2014,16563.30078
7/30/2014,16880.35938
7/29/2014,16912.10938
7/28/2014,16982.58984
7/25/2014,16960.57031
7/24/2014,17083.80078
7/23/2014,17086.63086
7/22/2014,17113.53906
7/21/2014,17051.73047
7/18/2014,17100.17969
7/17/2014,16976.81055
7/16/2014,17138.19922
7/15/2014,17060.67969
7/14/2014,17055.41992
7/11/2014,16943.81055
7/10/2014,16915.07031
7/9/2014,16985.60938
7/8/2014,16906.61914
7/7/2014,17024.21094
7/3/2014,17068.25977
7/2/2014,16976.24023
7/1/2014,16956.07031
6/30/2014,16826.59961
6/27/2014,16851.83984
6/26/2014,16846.13086
6/25/2014,16867.50977
6/24/2014,16818.13086
6/23/2014,16937.25977
6/20/2014,16947.08008
6/19/2014,16921.46094
6/18/2014,16906.61914
6/17/2014,16808.49023
6/16/2014,16781.00977
6/13/2014,16775.74023
6/12/2014,16734.18945
6/11/2014,16843.88086
6/10/2014,16945.91992
6/9/2014,16943.09961
6/6/2014,16924.2793
6/5/2014,16836.10938
6/4/2014,16737.5293
6/3/2014,16722.33984
6/2/2014,16743.63086
5/30/2014,16717.16992
5/29/2014,16698.74023
5/28/2014,16633.17969
5/27/2014,16675.5
5/23/2014,16606.26953
5/22/2014,16543.08008
5/21/2014,16533.06055
5/20/2014,16374.30957
5/19/2014,16511.85938
5/16/2014,16491.31055
5/15/2014,16446.81055
5/14/2014,16613.9707
5/13/2014,16715.43945
5/12/2014,16695.4707
5/9/2014,16583.33984
5/8/2014,16550.9707
5/7/2014,16518.53906
5/6/2014,16401.01953
5/5/2014,16530.55078
5/2/2014,16512.89063
5/1/2014,16558.86914
4/30/2014,16580.83984
4/29/2014,16535.36914
4/28/2014,16448.74023
4/25/2014,16361.45996
4/24/2014,16501.65039
4/23/2014,16501.65039
4/22/2014,16514.36914
4/21/2014,16449.25
4/17/2014,16408.53906
4/16/2014,16424.84961
4/15/2014,16262.55957
4/14/2014,16173.24023
4/11/2014,16026.75
4/10/2014,16170.21973
4/9/2014,16437.17969
4/8/2014,16256.13965
4/7/2014,16245.87012
4/4/2014,16412.71094
4/3/2014,16572.55078
4/2/2014,16573
4/1/2014,16532.60938
3/31/2014,16457.66016
3/28/2014,16323.05957
3/27/2014,16264.23047
3/26/2014,16268.99023
3/25/2014,16367.87988
3/24/2014,16276.69043
3/21/2014,16302.76953
3/20/2014,16331.04981
3/19/2014,16222.16992
3/18/2014,16336.19043
3/17/2014,16247.21973
3/14/2014,16065.66992
3/13/2014,16108.88965
3/12/2014,16340.08008
3/11/2014,16351.25
3/10/2014,16418.67969
3/7/2014,16452.7207
3/6/2014,16421.89063
3/5/2014,16360.17969
3/4/2014,16395.88086
3/3/2014,16168.03027
2/28/2014,16321.70996
2/27/2014,16272.65039
2/26/2014,16198.41016
2/25/2014,16179.66016
2/24/2014,16207.13965
2/21/2014,16103.29981
2/20/2014,16133.23047
2/19/2014,16040.55957
2/18/2014,16130.40039
2/14/2014,16154.38965
2/13/2014,16027.58984
2/12/2014,15963.94043
2/11/2014,15994.76953
2/10/2014,15801.79004
2/7/2014,15794.08008
2/6/2014,15628.53027
2/5/2014,15440.23047
2/4/2014,15445.24023
2/3/2014,15372.79981
1/31/2014,15698.84961
1/30/2014,15848.61035
1/29/2014,15738.79004
1/28/2014,15928.55957
1/27/2014,15837.87988
1/24/2014,15879.11035
1/23/2014,16197.34961
1/22/2014,16373.33984
1/21/2014,16414.43945
1/17/2014,16458.56055
1/16/2014,16417.00977
1/15/2014,16481.93945
1/14/2014,16373.86035
1/13/2014,16257.94043
1/10/2014,16437.05078
1/9/2014,16444.75977
1/8/2014,16462.74023
1/7/2014,16530.93945
1/6/2014,16425.09961
1/3/2014,16469.99023
1/2/2014,16441.34961
12/31/2013,16576.66016
12/30/2013,16504.28906
12/27/2013,16478.41016
12/26/2013,16479.88086
12/24/2013,16357.54981
12/23/2013,16294.61035
12/20/2013,16221.13965
12/19/2013,16179.08008
12/18/2013,16167.96973
12/17/2013,15875.25977
12/16/2013,15884.57031
12/13/2013,15755.36035
12/12/2013,15739.42969
12/11/2013,15843.53027
12/10/2013,15973.12988
12/9/2013,16025.53027
12/6/2013,16020.2002
12/5/2013,15821.50977
12/4/2013,15889.76953
12/3/2013,15914.62012
12/2/2013,16008.76953
11/29/2013,16086.41016
11/27/2013,16097.33008
11/26/2013,16072.79981
11/25/2013,16072.54004
11/22/2013,16064.76953
11/21/2013,16009.99023
11/20/2013,15900.82031
11/19/2013,15967.03027
11/18/2013,15976.01953
11/15/2013,15961.7002
11/14/2013,15876.21973
11/13/2013,15821.62988
11/12/2013,15750.66992
11/11/2013,15783.09961
11/8/2013,15761.78027
11/7/2013,15593.98047
11/6/2013,15746.87988
11/5/2013,15618.21973
11/4/2013,15639.12012
11/1/2013,15615.54981
10/31/2013,15545.75
10/30/2013,15618.75977
10/29/2013,15680.34961
10/28/2013,15568.92969
10/25/2013,15570.28027
10/24/2013,15509.20996
10/23/2013,15413.33008
10/22/2013,15467.66016
10/21/2013,15392.2002
10/18/2013,15399.65039
10/17/2013,15371.65039
10/16/2013,15373.83008
10/15/2013,15168.00977
10/14/2013,15301.25977
10/11/2013,15237.11035
10/10/2013,15126.07031
10/9/2013,14802.98047
10/8/2013,14776.53027
10/7/2013,14936.24023
10/4/2013,15072.58008
10/3/2013,14996.48047
10/2/2013,15133.13965
10/1/2013,15191.7002
9/30/2013,15129.66992
9/27/2013,15258.24023
9/26/2013,15328.29981
9/25/2013,15273.25977
9/24/2013,15334.58984
9/23/2013,15401.37988
9/20/2013,15451.08984
9/19/2013,15636.54981
9/18/2013,15676.94043
9/17/2013,15529.73047
9/16/2013,15494.78027
9/13/2013,15376.05957
9/12/2013,15300.63965
9/11/2013,15326.59961
9/10/2013,15191.05957
9/9/2013,15063.12012
9/6/2013,14922.5
9/5/2013,14937.48047
9/4/2013,14930.87012
9/3/2013,14833.95996
8/30/2013,14810.30957
8/29/2013,14840.9502
8/28/2013,14824.50977
8/27/2013,14776.12988
8/26/2013,14946.45996
8/23/2013,15010.50977
8/22/2013,14963.74023
8/21/2013,14897.54981
8/20/2013,15002.99023
8/19/2013,15010.74023
8/16/2013,15081.46973
8/15/2013,15112.19043
8/14/2013,15337.66016
8/13/2013,15451.00977
8/12/2013,15419.67969
8/9/2013,15425.50977
8/8/2013,15498.32031
8/7/2013,15470.66992
8/6/2013,15518.74023
8/5/2013,15612.12988
8/2/2013,15658.36035
8/1/2013,15628.01953
7/31/2013,15499.54004
7/30/2013,15520.58984
7/29/2013,15521.96973
7/26/2013,15558.83008
7/25/2013,15555.61035
7/24/2013,15542.24023
7/23/2013,15567.74023
7/22/2013,15545.54981
7/19/2013,15543.74023
7/18/2013,15548.54004
7/17/2013,15470.51953
7/16/2013,15451.84961
7/15/2013,15484.25977
7/12/2013,15464.29981
7/11/2013,15460.91992
7/10/2013,15291.66016
7/9/2013,15300.33984
7/8/2013,15224.69043
7/5/2013,15135.83984
7/3/2013,14988.37012
7/2/2013,14932.41016
7/1/2013,14974.95996
6/28/2013,14909.59961
6/27/2013,15024.49023
6/26/2013,14910.13965
6/25/2013,14760.30957
6/24/2013,14659.55957
6/21/2013,14799.40039
6/20/2013,14758.32031
6/19/2013,15112.19043
6/18/2013,15318.23047
6/17/2013,15179.84961
6/14/2013,15070.17969
6/13/2013,15176.08008
6/12/2013,14995.23047
6/11/2013,15122.01953
6/10/2013,15238.58984
6/7/2013,15248.12012
6/6/2013,15040.62012
6/5/2013,14960.58984
6/4/2013,15177.54004
6/3/2013,15254.03027
5/31/2013,15115.57031
5/30/2013,15324.53027
5/29/2013,15302.79981
5/28/2013,15409.38965
5/24/2013,15303.09961
5/23/2013,15294.5
5/22/2013,15307.16992
5/21/2013,15387.58008
5/20/2013,15335.28027
5/17/2013,15354.40039
5/16/2013,15233.21973
5/15/2013,15275.69043
5/14/2013,15215.25
5/13/2013,15091.67969
5/10/2013,15118.49023
5/9/2013,15082.62012
5/8/2013,15105.12012
5/7/2013,15056.2002
5/6/2013,14968.88965
5/3/2013,14973.95996
5/2/2013,14831.58008
5/1/2013,14700.9502
4/30/2013,14839.79981
4/29/2013,14818.75
4/26/2013,14712.54981
4/25/2013,14700.79981
4/24/2013,14676.29981
4/23/2013,14719.45996
4/22/2013,14567.16992
4/19/2013,14547.50977
4/18/2013,14537.13965
4/17/2013,14618.58984
4/16/2013,14756.78027
4/15/2013,14599.2002
4/12/2013,14865.05957
4/11/2013,14865.13965
4/10/2013,14802.24023
4/9/2013,14673.45996
4/8/2013,14613.48047
4/5/2013,14565.25
4/4/2013,14606.11035
4/3/2013,14550.34961
4/2/2013,14662.00977
4/1/2013,14572.84961
3/28/2013,14578.54004
3/27/2013,14526.16016
3/26/2013,14559.65039
3/25/2013,14447.75
3/22/2013,14512.03027
3/21/2013,14421.49023
3/20/2013,14511.73047
3/19/2013,14455.82031
3/18/2013,14452.05957
3/15/2013,14514.11035
3/14/2013,14539.13965
3/13/2013,14455.28027
3/12/2013,14450.05957
3/11/2013,14447.29004
3/8/2013,14397.07031
3/7/2013,14329.49023
3/6/2013,14296.24023
3/5/2013,14253.76953
3/4/2013,14127.82031
3/1/2013,14089.66016
2/28/2013,14054.49023
2/27/2013,14075.37012
2/26/2013,13900.12988
2/25/2013,13784.16992
2/22/2013,14000.57031
2/21/2013,13880.62012
2/20/2013,13927.54004
2/19/2013,14035.66992
2/15/2013,13981.75977
2/14/2013,13973.38965
2/13/2013,13982.91016
2/12/2013,14018.7002
2/11/2013,13971.24023
2/8/2013,13992.96973
2/7/2013,13944.04981
2/6/2013,13986.51953
2/5/2013,13979.29981
2/4/2013,13880.08008
2/1/2013,14009.79004
1/31/2013,13860.58008
1/30/2013,13910.41992
1/29/2013,13954.41992
1/28/2013,13881.92969
1/25/2013,13895.98047
1/24/2013,13825.33008
1/23/2013,13779.33008
1/22/2013,13712.20996
1/18/2013,13649.7002
1/17/2013,13596.01953
1/16/2013,13511.23047
1/15/2013,13534.88965
1/14/2013,13507.32031
1/11/2013,13488.42969
1/10/2013,13471.21973
1/9/2013,13390.50977
1/8/2013,13328.84961
1/7/2013,13384.29004
1/4/2013,13435.20996
1/3/2013,13391.36035
1/2/2013,13412.54981
12/31/2012,13104.13965
12/28/2012,12938.11035
12/27/2012,13096.30957
12/26/2012,13114.58984
12/24/2012,13138.92969
12/21/2012,13190.83984
12/20/2012,13311.71973
12/19/2012,13251.96973
12/18/2012,13350.95996
12/17/2012,13235.38965
12/14/2012,13135.00977
12/13/2012,13170.71973
12/12/2012,13245.4502
12/11/2012,13248.44043
12/10/2012,13169.87988
12/7/2012,13155.12988
12/6/2012,13074.04004
12/5/2012,13034.49023
12/4/2012,12951.78027
12/3/2012,12965.59961
11/30/2012,13025.58008
11/29/2012,13021.82031
11/28/2012,12985.11035
11/27/2012,12878.12988
11/26/2012,12967.37012
11/23/2012,13009.53027
11/21/2012,12836.88965
11/20/2012,12788.50977
11/19/2012,12795.95996
11/16/2012,12588.30957
11/15/2012,12542.37988
11/14/2012,12570.9502
11/13/2012,12756.17969
11/12/2012,12815.08008
11/9/2012,12815.38965
11/8/2012,12811.32031
11/7/2012,12932.73047
11/6/2012,13245.67969
11/5/2012,13112.44043
11/2/2012,13093.16016
11/1/2012,13232.62012
10/31/2012,13096.45996
10/26/2012,13107.20996
10/25/2012,13103.67969
10/24/2012,13077.33984
10/23/2012,13102.53027
10/22/2012,13345.88965
10/19/2012,13343.50977
10/18/2012,13548.94043
10/17/2012,13557
10/16/2012,13551.78027
10/15/2012,13424.23047
10/12/2012,13328.84961
10/11/2012,13326.38965
10/10/2012,13344.96973
10/9/2012,13473.53027
10/8/2012,13583.65039
10/5/2012,13610.15039
10/4/2012,13575.36035
10/3/2012,13494.61035
10/2/2012,13482.36035
10/1/2012,13515.11035
9/28/2012,13437.12988
9/27/2012,13485.96973
9/26/2012,13413.50977
9/25/2012,13457.54981
9/24/2012,13558.91992
9/21/2012,13579.46973
9/20/2012,13596.92969
9/19/2012,13577.95996
9/18/2012,13564.63965
9/17/2012,13553.09961
9/14/2012,13593.37012
9/13/2012,13539.86035
9/12/2012,13333.34961
9/11/2012,13323.36035
9/10/2012,13254.29004
9/7/2012,13306.63965
9/6/2012,13292
9/5/2012,13047.48047
9/4/2012,13035.94043
8/31/2012,13090.83984
8/30/2012,13000.70996
8/29/2012,13107.48047
8/28/2012,13102.99023
8/27/2012,13124.66992
8/24/2012,13157.96973
8/23/2012,13057.45996
8/22/2012,13172.75977
8/21/2012,13203.58008
8/20/2012,13271.63965
8/17/2012,13275.2002
8/16/2012,13250.11035
8/15/2012,13164.78027
8/14/2012,13172.13965
8/13/2012,13169.42969
8/10/2012,13207.9502
8/9/2012,13165.19043
8/8/2012,13175.63965
8/7/2012,13168.59961
8/6/2012,13117.50977
8/3/2012,13096.16992
8/2/2012,12878.87988
8/1/2012,12976.12988
7/31/2012,13008.67969
7/30/2012,13073.00977
7/27/2012,13075.66016
7/26/2012,12887.92969
7/25/2012,12676.04981
7/24/2012,12617.32031
7/23/2012,12721.45996
7/20/2012,12822.57031
7/19/2012,12943.36035
7/18/2012,12908.7002
7/17/2012,12805.54004
7/16/2012,12727.20996
7/13/2012,12777.08984
7/12/2012,12573.26953
7/11/2012,12604.53027
7/10/2012,12653.12012
7/9/2012,12736.29004
7/6/2012,12772.46973
7/5/2012,12896.66992
7/3/2012,12943.66016
7/2/2012,12871.38965
6/29/2012,12880.08984
6/28/2012,12602.25977
6/27/2012,12627.00977
6/26/2012,12534.66992
6/25/2012,12502.66016
6/22/2012,12640.78027
6/21/2012,12573.57031
6/20/2012,12824.38965
6/19/2012,12837.33008
6/18/2012,12741.82031
6/15/2012,12767.16992
6/14/2012,12651.91016
6/13/2012,12496.37988
6/12/2012,12573.79981
6/11/2012,12411.23047
6/8/2012,12554.2002
6/7/2012,12460.95996
6/6/2012,12414.79004
6/5/2012,12127.9502
6/4/2012,12101.45996
6/1/2012,12118.57031
5/31/2012,12393.4502
5/30/2012,12419.86035
5/29/2012,12580.69043
5/25/2012,12454.83008
5/24/2012,12529.75
5/23/2012,12496.15039
5/22/2012,12502.80957
5/21/2012,12504.48047
5/18/2012,12369.37988
5/17/2012,12442.49023
5/16/2012,12598.54981
5/15/2012,12632
5/14/2012,12695.34961
5/11/2012,12820.59961
5/10/2012,12855.04004
5/9/2012,12835.05957
5/8/2012,12932.08984
5/7/2012,13008.53027
5/4/2012,13038.26953
5/3/2012,13206.58984
5/2/2012,13268.57031
5/1/2012,13279.32031
4/30/2012,13213.62988
4/27/2012,13228.30957
4/26/2012,13204.62012
4/25/2012,13090.71973
4/24/2012,13001.55957
4/23/2012,12927.16992
4/20/2012,13029.25977
4/19/2012,12964.09961
4/18/2012,13032.75
4/17/2012,13115.54004
4/16/2012,12921.41016
4/13/2012,12849.58984
4/12/2012,12986.58008
4/11/2012,12805.38965
4/10/2012,12715.92969
4/9/2012,12929.58984
4/5/2012,13060.13965
4/4/2012,13074.75
4/3/2012,13199.54981
4/2/2012,13264.49023
3/30/2012,13212.04004
3/29/2012,13145.82031
3/28/2012,13126.20996
3/27/2012,13197.73047
3/26/2012,13241.62988
3/23/2012,13080.73047
3/22/2012,13046.13965
3/21/2012,13124.62012
3/20/2012,13170.19043
3/19/2012,13239.12988
3/16/2012,13232.62012
3/15/2012,13252.75977
3/14/2012,13194.09961
3/13/2012,13177.67969
3/12/2012,12959.70996
3/9/2012,12922.01953
3/8/2012,12907.94043
3/7/2012,12837.33008
3/6/2012,12759.15039
3/5/2012,12962.80957
3/2/2012,12977.57031
3/1/2012,12980.29981
2/29/2012,12952.07031
2/28/2012,13005.12012
2/27/2012,12981.50977
2/24/2012,12982.9502
2/23/2012,12984.69043
2/22/2012,12938.66992
2/21/2012,12965.69043
2/17/2012,12949.87012
2/16/2012,12904.08008
2/15/2012,12780.9502
2/14/2012,12878.28027
2/13/2012,12874.04004
2/10/2012,12801.23047
2/9/2012,12890.45996
2/8/2012,12883.9502
2/7/2012,12878.2002
2/6/2012,12845.12988
2/3/2012,12862.23047
2/2/2012,12705.41016
2/1/2012,12716.45996
1/31/2012,12632.91016
1/30/2012,12653.71973
1/27/2012,12660.45996
1/26/2012,12734.62988
1/25/2012,12758.84961
1/24/2012,12675.75
1/23/2012,12708.82031
1/20/2012,12720.48047
1/19/2012,12623.98047
1/18/2012,12578.9502
1/17/2012,12482.07031
1/13/2012,12422.05957
1/12/2012,12471.01953
1/11/2012,12449.4502
1/10/2012,12462.46973
1/9/2012,12392.69043
1/6/2012,12359.91992
1/5/2012,12415.7002
1/4/2012,12418.41992
1/3/2012,12397.37988
12/30/2011,12217.55957
12/29/2011,12287.04004
12/28/2011,12151.41016
12/27/2011,12291.34961
12/23/2011,12294
12/22/2011,12169.65039
12/21/2011,12107.74023
12/20/2011,12103.58008
12/19/2011,11766.25977
12/16/2011,11866.38965
12/15/2011,11868.80957
12/14/2011,11823.48047
12/13/2011,11954.94043
12/12/2011,12021.38965
12/9/2011,12184.25977
12/8/2011,11997.7002
12/7/2011,12196.37012
12/6/2011,12150.12988
12/5/2011,12097.83008
12/2/2011,12019.41992
12/1/2011,12020.03027
11/30/2011,12045.67969
11/29/2011,11555.62988
11/28/2011,11523.00977
11/25/2011,11231.65039
11/23/2011,11257.54981
11/22/2011,11493.71973
11/21/2011,11547.30957
11/18/2011,11796.16016
11/17/2011,11770.73047
11/16/2011,11905.58984
11/15/2011,12096.16016
11/14/2011,12078.98047
11/11/2011,12153.67969
11/10/2011,11893.86035
11/9/2011,11780.94043
11/8/2011,12170.17969
11/7/2011,12068.38965
11/4/2011,11983.24023
11/3/2011,12044.46973
11/2/2011,11836.04004
11/1/2011,11657.95996
10/31/2011,11955.00977
10/28/2011,12231.11035
10/27/2011,12208.54981
10/26/2011,11869.04004
10/25/2011,11706.62012
10/24/2011,11913.62012
10/21/2011,11808.79004
10/20/2011,11541.78027
10/19/2011,11504.62012
10/18/2011,11577.04981
10/17/2011,11397
10/14/2011,11644.49023
10/13/2011,11478.12988
10/12/2011,11518.84961
10/11/2011,11416.29981
10/10/2011,11433.17969
10/7/2011,11103.12012
10/6/2011,11123.33008
10/5/2011,10939.9502
10/4/2011,10808.70996
10/3/2011,10655.29981
9/30/2011,10913.37988
9/29/2011,11153.98047
9/28/2011,11010.90039
9/27/2011,11190.69043
9/26/2011,11043.86035
9/23/2011,10771.48047
9/22/2011,10733.83008
9/21/2011,11124.83984
9/20/2011,11408.66016
9/19/2011,11401.00977
9/16/2011,11509.08984
9/15/2011,11433.17969
9/14/2011,11246.73047
9/13/2011,11105.84961
9/12/2011,11061.12012
9/9/2011,10992.12988
9/8/2011,11295.80957
9/7/2011,11414.86035
9/6/2011,11139.29981
9/2/2011,11240.25977
9/1/2011,11493.57031
8/31/2011,11613.53027
8/30/2011,11559.9502
8/29/2011,11539.25
8/26/2011,11284.54004
8/25/2011,11149.82031
8/24/2011,11320.70996
8/23/2011,11176.75977
8/22/2011,10854.65039
8/19/2011,10817.65039
8/18/2011,10990.58008
8/17/2011,11410.20996
8/16/2011,11405.92969
8/15/2011,11482.90039
8/12/2011,11269.01953
8/11/2011,11143.30957
8/10/2011,10719.94043
8/9/2011,11239.76953
8/8/2011,10809.84961
8/5/2011,11444.61035
8/4/2011,11383.67969
8/3/2011,11896.44043
8/2/2011,11866.62012
8/1/2011,12132.49023
7/29/2011,12143.24023
7/28/2011,12240.11035
7/27/2011,12302.54981
7/26/2011,12501.29981
7/25/2011,12592.79981
7/22/2011,12681.16016
7/21/2011,12724.41016
7/20/2011,12571.91016
7/19/2011,12587.41992
7/18/2011,12385.16016
7/15/2011,12479.73047
7/14/2011,12437.12012
7/13/2011,12491.61035
7/12/2011,12446.87988
7/11/2011,12505.75977
7/8/2011,12657.2002
7/7/2011,12719.49023
7/6/2011,12626.01953
7/5/2011,12569.87012
7/1/2011,12582.76953
6/30/2011,12414.33984
6/29/2011,12261.41992
6/28/2011,12188.69043
6/27/2011,12043.55957
6/24/2011,11934.58008
6/23/2011,12050
6/22/2011,12109.66992
6/21/2011,12190.00977
6/20/2011,12080.37988
6/17/2011,12004.36035
6/16/2011,11961.51953
6/15/2011,11897.26953
6/14/2011,12076.11035
6/13/2011,11952.96973
6/10/2011,11951.91016
6/9/2011,12124.36035
6/8/2011,12048.94043
6/7/2011,12070.80957
6/6/2011,12089.95996
6/3/2011,12151.25977
6/2/2011,12248.54981
6/1/2011,12290.13965
5/31/2011,12569.79004
5/27/2011,12441.58008
5/26/2011,12402.75977
5/25/2011,12394.66016
5/24/2011,12356.20996
5/23/2011,12381.25977
5/20/2011,12512.04004
5/19/2011,12605.32031
5/18/2011,12560.17969
5/17/2011,12479.58008
5/16/2011,12548.37012
5/13/2011,12595.75
5/12/2011,12695.91992
5/11/2011,12630.03027
5/10/2011,12760.36035
5/9/2011,12684.67969
5/6/2011,12638.74023
5/5/2011,12584.16992
5/4/2011,12723.58008
5/3/2011,12807.50977
5/2/2011,12807.36035
4/29/2011,12810.54004
4/28/2011,12763.30957
4/27/2011,12690.95996
4/26/2011,12595.37012
4/25/2011,12479.87988
4/21/2011,12505.99023
4/20/2011,12453.54004
4/19/2011,12266.75
4/18/2011,12201.58984
4/15/2011,12341.83008
4/14/2011,12285.15039
4/13/2011,12270.99023
4/12/2011,12263.58008
4/11/2011,12381.11035
4/8/2011,12380.04981
4/7/2011,12409.49023
4/6/2011,12426.75
4/5/2011,12393.90039
4/4/2011,12400.03027
4/1/2011,12376.71973
3/31/2011,12319.73047
3/30/2011,12350.61035
3/29/2011,12279.00977
3/28/2011,12197.87988
3/25/2011,12220.58984
3/24/2011,12170.55957
3/23/2011,12086.01953
3/22/2011,12018.62988
3/21/2011,12036.53027
3/18/2011,11858.51953
3/17/2011,11774.58984
3/16/2011,11613.29981
3/15/2011,11855.41992
3/14/2011,11993.16016
3/11/2011,12044.40039
3/10/2011,11984.61035
3/9/2011,12213.08984
3/8/2011,12214.37988
3/7/2011,12090.03027
3/4/2011,12169.87988
3/3/2011,12258.2002
3/2/2011,12066.79981
3/1/2011,12058.01953
2/28/2011,12226.33984
2/25/2011,12130.4502
2/24/2011,12068.5
2/23/2011,12105.78027
2/22/2011,12212.79004
2/18/2011,12391.25
2/17/2011,12318.13965
2/16/2011,12288.16992
2/15/2011,12226.63965
2/14/2011,12268.19043
2/11/2011,12273.25977
2/10/2011,12229.29004
2/9/2011,12239.88965
2/8/2011,12233.15039
2/7/2011,12161.62988
2/4/2011,12092.15039
2/3/2011,12062.25977
2/2/2011,12041.96973
2/1/2011,12040.16016
1/31/2011,11891.92969
1/28/2011,11823.7002
1/27/2011,11989.83008
1/26/2011,11985.44043
1/25/2011,11977.19043
1/24/2011,11980.51953
1/21/2011,11871.83984
1/20/2011,11822.79981
1/19/2011,11825.29004
1/18/2011,11837.92969
1/14/2011,11787.37988
1/13/2011,11731.90039
1/12/2011,11755.44043
1/11/2011,11671.87988
1/10/2011,11637.4502
1/7/2011,11674.75977
1/6/2011,11697.30957
1/5/2011,11722.88965
1/4/2011,11691.17969
1/3/2011,11670.75
12/31/2010,11577.50977
12/30/2010,11569.70996
12/29/2010,11585.37988
12/28/2010,11575.54004
12/27/2010,11555.03027
12/23/2010,11573.49023
12/22/2010,11559.49023
12/21/2010,11533.16016
12/20/2010,11478.12988
12/17/2010,11491.91016
12/16/2010,11499.25
12/15/2010,11457.46973
12/14/2010,11476.54004
12/13/2010,11428.55957
12/10/2010,11410.32031
12/9/2010,11370.05957
12/8/2010,11372.48047
12/7/2010,11359.16016
12/6/2010,11362.19043
12/3/2010,11382.08984
12/2/2010,11362.41016
12/1/2010,11255.78027
11/30/2010,11006.01953
11/29/2010,11052.49023
11/26/2010,11091.87012
11/24/2010,11187.28027
11/23/2010,11036.37012
11/22/2010,11178.58008
11/19/2010,11203.54981
11/18/2010,11181.23047
11/17/2010,11007.87988
11/16/2010,11023.5
11/15/2010,11201.96973
11/12/2010,11192.58008
11/11/2010,11283.09961
11/10/2010,11357.04004
11/9/2010,11346.75
11/8/2010,11406.83984
11/5/2010,11444.08008
11/4/2010,11434.83984
11/3/2010,11215.12988
11/2/2010,11188.71973
11/1/2010,11124.62012
10/29/2010,11118.49023
10/28/2010,11113.9502
10/27/2010,11126.28027
10/26/2010,11169.45996
10/25/2010,11164.04981
10/22/2010,11132.55957
10/21/2010,11146.57031
10/20/2010,11107.96973
10/19/2010,10978.62012
10/18/2010,11143.69043
10/15/2010,11062.78027
10/14/2010,11094.57031
10/13/2010,11096.08008
10/12/2010,11020.40039
10/11/2010,11010.33984
10/8/2010,11006.48047
10/7/2010,10948.58008
10/6/2010,10967.65039
10/5/2010,10944.71973
10/4/2010,10751.26953
10/1/2010,10829.67969
9/30/2010,10788.04981
9/29/2010,10835.28027
9/28/2010,10858.13965
9/27/2010,10812.04004
9/24/2010,10860.25977
9/23/2010,10662.41992
9/22/2010,10739.30957
9/21/2010,10761.03027
9/20/2010,10753.62012
9/17/2010,10607.84961
9/16/2010,10594.83008
9/15/2010,10572.73047
9/14/2010,10526.49023
9/13/2010,10544.12988
9/10/2010,10462.76953
9/9/2010,10415.24023
9/8/2010,10387.00977
9/7/2010,10340.69043
9/3/2010,10447.92969
9/2/2010,10320.09961
9/1/2010,10269.46973
8/31/2010,10014.71973
8/30/2010,10009.73047
8/27/2010,10150.65039
8/26/2010,9985.80957
8/25/2010,10060.05957
8/24/2010,10040.4502
8/23/2010,10174.41016
8/20/2010,10213.62012
8/19/2010,10271.20996
8/18/2010,10415.54004
8/17/2010,10405.84961
8/16/2010,10302.00977
8/13/2010,10303.15039
8/12/2010,10319.9502
8/11/2010,10378.83008
8/10/2010,10644.25
8/9/2010,10698.75
8/6/2010,10653.55957
8/5/2010,10674.98047
8/4/2010,10680.42969
8/3/2010,10636.37988
8/2/2010,10674.37988
7/30/2010,10465.94043
7/29/2010,10467.16016
7/28/2010,10497.87988
7/27/2010,10537.69043
7/26/2010,10525.42969
7/23/2010,10424.62012
7/22/2010,10322.29981
7/21/2010,10120.53027
7/20/2010,10229.95996
7/19/2010,10154.42969
7/16/2010,10097.90039
7/15/2010,10359.30957
7/14/2010,10366.71973
7/13/2010,10363.01953
7/12/2010,10216.26953
7/9/2010,10198.03027
7/8/2010,10138.99023
7/7/2010,10018.28027
7/6/2010,9743.620117
7/2/2010,9686.480469
7/1/2010,9732.530273
6/30/2010,9774.019531
6/29/2010,9870.299805
6/28/2010,10138.51953
6/25/2010,10143.80957
6/24/2010,10152.79981
6/23/2010,10298.44043
6/22/2010,10293.51953
6/21/2010,10442.41016
6/18/2010,10450.63965
6/17/2010,10434.16992
6/16/2010,10409.45996
6/15/2010,10404.76953
6/14/2010,10190.88965
6/11/2010,10211.07031
6/10/2010,10172.53027
6/9/2010,9899.25
6/8/2010,9939.980469
6/7/2010,9816.490234
6/4/2010,9931.969727
6/3/2010,10255.28027
6/2/2010,10249.54004
6/1/2010,10024.01953
5/28/2010,10136.62988
5/27/2010,10258.99023
5/26/2010,9974.450195
5/25/2010,10043.75
5/24/2010,10066.57031
5/21/2010,10193.38965
5/20/2010,10068.00977
5/19/2010,10444.37012
5/18/2010,10510.9502
5/17/2010,10625.83008
5/14/2010,10620.16016
5/13/2010,10782.9502
5/12/2010,10896.91016
5/11/2010,10748.25977
5/10/2010,10785.13965
5/7/2010,10380.42969
5/6/2010,10520.32031
5/5/2010,10866.83008
5/4/2010,10926.76953
5/3/2010,11151.83008
4/30/2010,11008.61035
4/29/2010,11167.32031
4/28/2010,11045.26953
4/27/2010,10991.99023
4/26/2010,11205.03027
4/23/2010,11204.28027
4/22/2010,11134.29004
4/21/2010,11124.91992
4/20/2010,11117.05957
4/19/2010,11092.04981
4/16/2010,11018.66016
4/15/2010,11144.57031
4/14/2010,11123.11035
4/13/2010,11019.41992
4/12/2010,11005.96973
4/9/2010,10997.34961
4/8/2010,10927.07031
4/7/2010,10897.51953
4/6/2010,10969.99023
4/5/2010,10973.54981
4/1/2010,10927.07031
3/31/2010,10856.62988
3/30/2010,10907.41992
3/29/2010,10895.86035
3/26/2010,10850.36035
3/25/2010,10841.20996
3/24/2010,10836.15039
3/23/2010,10888.83008
3/22/2010,10785.88965
3/19/2010,10741.98047
3/18/2010,10779.16992
3/17/2010,10733.66992
3/16/2010,10685.98047
3/15/2010,10642.15039
3/12/2010,10624.69043
3/11/2010,10611.83984
3/10/2010,10567.33008
3/9/2010,10564.37988
3/8/2010,10552.51953
3/5/2010,10566.2002
3/4/2010,10444.13965
3/3/2010,10396.75977
3/2/2010,10405.98047
3/1/2010,10403.79004
2/26/2010,10325.25977
2/25/2010,10321.03027
2/24/2010,10374.16016
2/23/2010,10282.41016
2/22/2010,10383.37988
2/19/2010,10402.34961
2/18/2010,10392.90039
2/17/2010,10309.24023
2/16/2010,10268.80957
2/12/2010,10099.13965
2/11/2010,10144.19043
2/10/2010,10038.37988
2/9/2010,10058.63965
2/8/2010,9908.389648
2/5/2010,10012.23047
2/4/2010,10002.17969
2/3/2010,10270.54981
2/2/2010,10296.84961
2/1/2010,10185.53027
1/29/2010,10067.33008
1/28/2010,10120.45996
1/27/2010,10236.16016
1/26/2010,10194.29004
1/25/2010,10196.86035
1/22/2010,10172.98047
1/21/2010,10389.87988
1/20/2010,10603.15039
1/19/2010,10725.42969
1/15/2010,10609.65039
1/14/2010,10710.54981
1/13/2010,10680.76953
1/12/2010,10627.25977
1/11/2010,10663.99023
1/8/2010,10618.19043
1/7/2010,10606.86035
1/6/2010,10573.67969
1/5/2010,10572.01953
1/4/2010,10583.95996
12/31/2009,10428.04981
12/30/2009,10548.50977
12/29/2009,10545.41016
12/28/2009,10547.08008
12/24/2009,10520.08984
12/23/2009,10466.44043
12/22/2009,10464.92969
12/21/2009,10414.13965
12/18/2009,10328.88965
12/17/2009,10308.25977
12/16/2009,10441.12012
12/15/2009,10452
12/14/2009,10501.04981
12/11/2009,10471.5
12/10/2009,10405.83008
12/9/2009,10337.04981
12/8/2009,10285.96973
12/7/2009,10390.11035
12/4/2009,10388.90039
12/3/2009,10366.15039
12/2/2009,10452.67969
12/1/2009,10471.58008
11/30/2009,10344.83984
11/27/2009,10309.91992
11/25/2009,10464.40039
11/24/2009,10433.70996
11/23/2009,10450.9502
11/20/2009,10318.16016
11/19/2009,10332.44043
11/18/2009,10426.30957
11/17/2009,10437.41992
11/16/2009,10406.95996
11/13/2009,10270.46973
11/12/2009,10197.46973
11/11/2009,10291.25977
11/10/2009,10246.96973
11/9/2009,10226.94043
11/6/2009,10023.41992
11/5/2009,10005.95996
11/4/2009,9802.139648
11/3/2009,9771.910156
11/2/2009,9789.44043
10/30/2009,9712.730469
10/29/2009,9962.580078
10/28/2009,9762.69043
10/27/2009,9882.169922
10/26/2009,9867.959961
10/23/2009,9972.179688
10/22/2009,10081.30957
10/21/2009,9949.360352
10/20/2009,10041.48047
10/19/2009,10092.19043
10/16/2009,9995.910156
10/15/2009,10062.94043
10/14/2009,10015.86035
10/13/2009,9871.05957
10/12/2009,9885.799805
10/9/2009,9864.94043
10/8/2009,9786.870117
10/7/2009,9725.580078
10/6/2009,9731.25
10/5/2009,9599.75
10/2/2009,9487.669922
10/1/2009,9509.280273
9/30/2009,9712.280273
9/29/2009,9742.200195
9/28/2009,9789.360352
9/25/2009,9665.19043
9/24/2009,9707.44043
9/23/2009,9748.549805
9/22/2009,9829.870117
9/21/2009,9778.860352
9/18/2009,9820.200195
9/17/2009,9783.919922
9/16/2009,9791.709961
9/15/2009,9683.410156
9/14/2009,9626.799805
9/11/2009,9605.410156
9/10/2009,9627.480469
9/9/2009,9547.219727
9/8/2009,9497.339844
9/4/2009,9441.269531
9/3/2009,9344.610352
9/2/2009,9280.669922
9/1/2009,9310.599609
8/31/2009,9496.280273
8/28/2009,9544.200195
8/27/2009,9580.629883
8/26/2009,9543.519531
8/25/2009,9539.290039
8/24/2009,9509.280273
8/21/2009,9505.959961
8/20/2009,9350.049805
8/19/2009,9279.160156
8/18/2009,9217.94043
8/17/2009,9135.339844
8/14/2009,9321.400391
8/13/2009,9398.19043
8/12/2009,9361.610352
8/11/2009,9241.450195
8/10/2009,9337.950195
8/7/2009,9370.070312
8/6/2009,9256.259766
8/5/2009,9280.969727
8/4/2009,9320.19043
8/3/2009,9286.55957
7/31/2009,9171.610352
7/30/2009,9154.459961
7/29/2009,9070.719727
7/28/2009,9096.719727
7/27/2009,9108.509766
7/24/2009,9093.240234
7/23/2009,9069.290039
7/22/2009,8881.259766
7/21/2009,8915.94043
7/20/2009,8848.150391
7/17/2009,8743.94043
7/16/2009,8711.820312
7/15/2009,8616.209961
7/14/2009,8359.490234
7/13/2009,8331.679688
7/10/2009,8146.52002
7/9/2009,8183.169922
7/8/2009,8178.410156
7/7/2009,8163.600098
7/6/2009,8324.870117
7/2/2009,8280.740234
7/1/2009,8504.05957
6/30/2009,8447
6/29/2009,8529.379883
6/26/2009,8438.389648
6/25/2009,8472.400391
6/24/2009,8299.860352
6/23/2009,8322.910156
6/22/2009,8339.009766
6/19/2009,8539.730469
6/18/2009,8555.599609
6/17/2009,8497.179688
6/16/2009,8504.669922
6/15/2009,8612.129883
6/12/2009,8799.259766
6/11/2009,8770.919922
6/10/2009,8739.019531
6/9/2009,8763.05957
6/8/2009,8764.490234
6/5/2009,8763.129883
6/4/2009,8750.240234
6/3/2009,8675.240234
6/2/2009,8740.870117
6/1/2009,8721.44043
5/29/2009,8500.330078
5/28/2009,8403.799805
5/27/2009,8300.019531
5/26/2009,8473.490234
5/22/2009,8277.320312
5/21/2009,8292.129883
5/20/2009,8422.040039
5/19/2009,8474.849609
5/18/2009,8504.080078
5/15/2009,8268.639648
5/14/2009,8331.320312
5/13/2009,8284.889648
5/12/2009,8469.110352
5/11/2009,8418.769531
5/8/2009,8574.650391
5/7/2009,8409.849609
5/6/2009,8512.280273
5/5/2009,8410.650391
5/4/2009,8426.740234
5/1/2009,8212.410156
4/30/2009,8168.120117
4/29/2009,8185.72998
4/28/2009,8016.950195
4/27/2009,8025
4/24/2009,8076.290039
4/23/2009,7957.060059
4/22/2009,7886.569824
4/21/2009,7969.560059
4/20/2009,7841.72998
4/17/2009,8131.330078
4/16/2009,8125.430176
4/15/2009,8029.620117
4/14/2009,7920.180176
4/13/2009,8057.810059
4/9/2009,8083.379883
4/8/2009,7837.109863
4/7/2009,7789.560059
4/6/2009,7975.850098
4/3/2009,8017.589844
4/2/2009,7978.080078
4/1/2009,7761.600098
3/31/2009,7608.919922
3/30/2009,7522.02002
3/27/2009,7776.180176
3/26/2009,7924.560059
3/25/2009,7749.810059
3/24/2009,7659.970215
3/23/2009,7775.859863
3/20/2009,7278.379883
3/19/2009,7400.799805
3/18/2009,7486.580078
3/17/2009,7395.700195
3/16/2009,7216.970215
3/13/2009,7223.97998
3/12/2009,7170.060059
3/11/2009,6930.399902
3/10/2009,6926.490234
3/9/2009,6547.049805
3/6/2009,6626.939941
3/5/2009,6594.439941
3/4/2009,6875.839844
3/3/2009,6726.02002
3/2/2009,6763.290039
2/27/2009,7062.930176
2/26/2009,7182.080078
2/25/2009,7270.890137
2/24/2009,7350.939941
2/23/2009,7114.779785
2/20/2009,7365.669922
2/19/2009,7465.950195
2/18/2009,7555.629883
2/17/2009,7552.600098
2/13/2009,7850.410156
2/12/2009,7932.759766
2/11/2009,7939.529785
2/10/2009,7888.879883
2/9/2009,8270.870117
2/6/2009,8280.589844
2/5/2009,8063.069824
2/4/2009,7956.660156
2/3/2009,8078.359863
2/2/2009,7936.75
1/30/2009,8000.859863
1/29/2009,8149.009766
1/28/2009,8375.450195
1/27/2009,8174.72998
1/26/2009,8116.029785
1/23/2009,8077.560059
1/22/2009,8122.799805
1/21/2009,8228.099609
1/20/2009,7949.089844
1/16/2009,8281.219727
1/15/2009,8212.490234
1/14/2009,8200.139648
1/13/2009,8448.55957
1/12/2009,8473.969727
1/9/2009,8599.179688
1/8/2009,8742.459961
1/7/2009,8769.700195
1/6/2009,9015.099609
1/5/2009,8952.889648
1/2/2009,9034.69043
12/31/2008,8776.389648
12/30/2008,8668.389648
12/29/2008,8483.929688
12/26/2008,8515.549805
12/24/2008,8468.480469
12/23/2008,8419.490234
12/22/2008,8519.69043
12/19/2008,8579.110352
12/18/2008,8604.990234
12/17/2008,8824.339844
12/16/2008,8924.139648
12/15/2008,8564.530273
12/12/2008,8629.679688
12/11/2008,8565.089844
12/10/2008,8761.419922
12/9/2008,8691.330078
12/8/2008,8934.179688
12/5/2008,8635.419922
12/4/2008,8376.240234
12/3/2008,8591.69043
12/2/2008,8419.089844
12/1/2008,8149.089844
11/28/2008,8829.040039
11/26/2008,8726.610352
11/25/2008,8479.469727
11/24/2008,8443.389648
11/21/2008,8046.419922
11/20/2008,7552.290039
11/19/2008,7997.279785
11/18/2008,8424.75
11/17/2008,8273.580078
11/14/2008,8497.30957
11/13/2008,8835.25
11/12/2008,8282.660156
11/11/2008,8693.959961
11/10/2008,8870.540039
11/7/2008,8943.80957
11/6/2008,8695.790039
11/5/2008,9139.269531
11/4/2008,9625.280273
11/3/2008,9319.830078
10/31/2008,9325.009766
10/30/2008,9180.69043
10/29/2008,8990.959961
10/28/2008,9065.120117
10/27/2008,8175.77002
10/24/2008,8378.950195
10/23/2008,8691.25
10/22/2008,8519.209961
10/21/2008,9033.660156
10/20/2008,9265.429688
10/17/2008,8852.219727
10/16/2008,8979.259766
10/15/2008,8577.910156
10/14/2008,9310.990234
10/13/2008,9387.610352
10/10/2008,8451.19043
10/9/2008,8579.19043
10/8/2008,9258.099609
10/7/2008,9447.110352
10/6/2008,9955.5
10/3/2008,10325.37988
10/2/2008,10482.84961
10/1/2008,10831.07031
9/30/2008,10850.66016
9/29/2008,10365.4502
9/26/2008,11143.12988
9/25/2008,11022.05957
9/24/2008,10825.16992
9/23/2008,10854.16992
9/22/2008,11015.69043
9/19/2008,11388.44043
9/18/2008,11019.69043
9/17/2008,10609.66016
9/16/2008,11059.01953
9/15/2008,10917.50977
9/12/2008,11421.99023
9/11/2008,11433.70996
9/10/2008,11268.91992
9/9/2008,11230.73047
9/8/2008,11510.74023
9/5/2008,11220.95996
9/4/2008,11188.23047
9/3/2008,11532.87988
9/2/2008,11516.91992
8/29/2008,11543.95996
8/28/2008,11715.17969
8/27/2008,11502.50977
8/26/2008,11412.87012
8/25/2008,11386.25
8/22/2008,11628.05957
8/21/2008,11430.20996
8/20/2008,11417.42969
8/19/2008,11348.54981
8/18/2008,11479.38965
8/15/2008,11659.90039
8/14/2008,11615.92969
8/13/2008,11532.95996
8/12/2008,11642.46973
8/11/2008,11782.34961
8/8/2008,11734.32031
